Name,Age,Accuracy
Aram,17,0.200000
Juan,18,0.800000
Ana,22,0.500000
